1,Type,Date,Open,High,Low,Close,Adj Close,Volume
2,Amazon,2022/2/8,156.750504,161.792496,155.550507,161.413498,161.413498,76040000
3,Amazon,2022/2/9,162.873505,163.834503,160.25,161.189499,161.189499,68786000
4,Amazon,2022/2/10,158.350006,160.716507,157.75,159.003494,159.003494,68268000
5,Amazon,2022/2/11,158.134506,159,152.733994,153.293503,153.293503,77100000
6,Amazon,2022/2/14,151.751007,158.448502,151.649994,155.167007,155.167007,83230000
7,Amazon,2022/2/15,157.605499,158.007004,154.637497,156.510498,156.510498,56440000
8,Amazon,2022/2/16,155.790497,158.834,154.734497,158.100494,158.100494,52704000
9,Amazon,2022/2/17,158.145996,160.348999,154.5,154.652496,154.652496,64032000
10,Amazon,2022/2/18,155.499496,155.499496,150.893005,152.601501,152.601501,63604000
11,Amazon,2022/2/22,150.4785,152.982498,148.485504,150.197495,150.197495,66128000
12,Amazon,2022/2/23,151.650497,151.763,144.651001,144.826996,144.826996,64244000
13,Amazon,2022/2/24,139.837494,151.748993,139.5,151.358002,151.358002,100786000
14,Amazon,2022/2/25,150.550003,153.990005,149.213501,153.788498,153.788498,62396000
15,Amazon,2022/2/28,152.425003,154.449997,150.850006,153.563004,153.563004,57684000
16,Amazon,2022/3/1,152.732498,154.098999,149.977005,151.141998,151.141998,44874000
17,Amazon,2022/3/2,150.848999,152.999496,148.75,152.052505,152.052505,47334000
18,Amazon,2022/3/3,153.531494,153.929001,146.856003,147.898499,147.898499,65198000
19,Amazon,2022/3/4,147.158997,147.850006,143.807007,145.641006,145.641006,60934000
20,Amazon,2022/3/7,145.443497,146.094498,137.416504,137.453003,137.453003,86934000
21,Amazon,2022/3/8,136.683502,140.699493,133.572495,136.014496,136.014496,91662000
22,Amazon,2022/3/9,139.5,140.25,136.828003,139.279007,139.279007,82656000
23,Amazon,2022/3/10,145.684998,148.6745,143.977997,146.817505,146.817505,135062000
24,Amazon,2022/3/11,149.574493,149.675003,145.369003,145.524506,145.524506,68900000
25,Amazon,2022/3/14,145.981003,147.449997,140.884003,141.852997,141.852997,74086000
26,Amazon,2022/3/15,142.850006,147.985001,142,147.366501,147.366501,75584000
27,Amazon,2022/3/16,148.5,153.149994,147.3535,153.104004,153.104004,84958000
28,Amazon,2022/3/17,152.640503,157.498505,152.139999,157.238998,157.238998,72934000
29,Amazon,2022/3/18,156.813004,161.593994,156.011002,161.250504,161.250504,102962000
30,Amazon,2022/3/21,161.121002,163.084,159.552994,161.491501,161.491501,66538000
31,Amazon,2022/3/22,161.805496,166.167007,161.699005,164.889008,164.889008,64086000
32,Amazon,2022/3/23,163.705002,166.369995,162.686996,163.408005,163.408005,55812000
33,Amazon,2022/3/24,163.749496,164.1185,160.050003,163.649506,163.649506,56798000
34,Amazon,2022/3/25,164,165.3685,162.25,164.773499,164.773499,49032000
35,Amazon,2022/3/28,164.975006,169.037506,164.899994,168.990494,168.990494,59854000
36,Amazon,2022/3/29,170.384003,170.831497,167.8685,169.315002,169.315002,66154000
37,Amazon,2022/3/30,168.509506,168.9505,165.5,166.300995,166.300995,56168000
38,Amazon,2022/3/31,166.445007,166.494995,162.953506,162.997498,162.997498,59966000
39,Amazon,2022/4/1,164.149506,165.826996,162.319504,163.559998,163.559998,57090000
40,Amazon,2022/4/4,164.125,168.394501,163.205505,168.346497,168.346497,49882000
41,Amazon,2022/4/5,167.741501,168.110504,163.266006,164.054993,164.054993,53728000
42,Amazon,2022/4/6,161.650497,162.199997,157.254501,158.755997,158.755997,79056000
43,Amazon,2022/4/7,158.399994,160.078995,154.511505,157.7845,157.7845,68136000
44,Amazon,2022/4/8,156.75,157.3685,154.231003,154.460495,154.460495,46002000
45,Amazon,2022/4/11,152.712997,154.136505,150.5345,151.121994,151.121994,52112000
46,Amazon,2022/4/12,153.692505,155.098999,150.382996,150.787506,150.787506,55178000
47,Amazon,2022/4/13,150.018494,156.024994,149.600006,155.541,155.541,53390000
48,Amazon,2022/4/14,155.389999,155.897003,151.472,151.706497,151.706497,51598000
49,Amazon,2022/4/18,151.523499,154.039505,150.250504,152.785004,152.785004,46514000
50,Amazon,2022/4/19,152.029495,158.649002,151.550507,158.115494,158.115494,54926000
51,Amazon,2022/4/20,157.602493,157.602493,153.6035,153.998001,153.998001,59630000
52,Amazon,2022/4/21,154.714005,156.738007,147.589493,148.296005,148.296005,63970000
53,Amazon,2022/4/22,148.25,149.615005,143.697495,144.350006,144.350006,73078000
54,Amazon,2022/4/25,144.022995,146.221497,142.306503,146.074005,146.074005,61874000
55,Amazon,2022/4/26,144.800003,144.856003,138.929504,139.391006,139.391006,77530000
56,Amazon,2022/4/27,140.191498,141.948502,135.783493,138.167007,138.167007,71336000
57,Amazon,2022/4/28,142.177994,145.9375,140.300003,144.596497,144.596497,117316000
58,Amazon,2022/4/29,129.848999,130.761002,121.625,124.281502,124.281502,272662000
59,Amazon,2022/5/2,122.401001,124.667999,118.375,124.5,124.5,148788000
60,Amazon,2022/5/3,124.053497,126.220497,122.824997,124.253502,124.253502,79134000
61,Amazon,2022/5/4,123.599998,126,119.182999,125.928497,125.928497,110746000
62,Amazon,2022/5/5,123,123.499001,115.072502,116.406998,116.406998,144392000
63,Amazon,2022/5/6,114.849998,119.050499,113.081497,114.772499,114.772499,124260000
64,Amazon,2022/5/9,111.3125,114,107.957001,108.789001,108.789001,128124000
65,Amazon,2022/5/10,111.25,112.642502,107.170998,108.859001,108.859001,105434000
66,Amazon,2022/5/11,108.1035,110.155998,104.428497,105.372002,105.372002,109704000
67,Amazon,2022/5/12,102.75,110.780502,102.405502,106.930496,106.930496,132026000
68,Amazon,2022/5/13,109.069,113.183998,107.800003,113.055,113.055,93684000
69,Amazon,2022/5/16,113.099998,113.9925,110.353996,110.810501,110.810501,74566000
70,Amazon,2022/5/17,113.275002,115.800003,111.276497,115.3685,115.3685,76448000
71,Amazon,2022/5/18,111.439499,112.852997,106.249001,107.112503,107.112503,108380000
72,Amazon,2022/5/19,106.280502,110.033997,106.193001,107.319,107.319,88142000
73,Amazon,2022/5/20,109.568497,109.898003,105.009499,107.591003,107.591003,99500000
74,Amazon,2022/5/23,108.460999,108.819,103.949997,107.556999,107.556999,107798000
75,Amazon,2022/5/24,104.025002,105.400002,101.260002,104.099998,104.099998,102934000
76,Amazon,2022/5/25,103.655502,108.175003,103.650002,106.775002,106.775002,93120000
77,Amazon,2022/5/26,107.970001,112.665497,107.453499,111.077499,111.077499,93002000
78,Amazon,2022/5/27,113.550003,115.186996,112.627998,115.1465,115.1465,93660000
79,Amazon,2022/5/31,116.279999,121.994499,115.675003,120.209503,120.209503,144634000
80,Amazon,2022/6/1,122.255997,125.179001,120.622498,121.683998,121.683998,127528000
81,Amazon,2022/6/2,121.683998,125.610001,120.044998,125.511002,125.511002,100560000
82,Amazon,2022/6/3,124.199997,124.400002,121.046501,122.349998,122.349998,97604000
83,Amazon,2022/6/6,125.25,128.990005,123.809998,124.790001,124.790001,135269000
84,Amazon,2022/6/7,122.010002,124.099998,120.629997,123,123,85156700
85,Amazon,2022/6/8,122.610001,123.75,120.75,121.18,121.18,64926600
86,Amazon,2022/6/9,119.989998,121.300003,116.099998,116.150002,116.150002,67029800
87,Amazon,2022/6/10,113.419998,114.5,109.050003,109.650002,109.650002,87266000
88,Amazon,2022/6/13,104.190002,106.540001,101.860001,103.669998,103.669998,99277700
89,Amazon,2022/6/14,104.190002,104.879997,101.43,102.309998,102.309998,69728800
90,Amazon,2022/6/15,103.860001,109.059998,103.529999,107.669998,107.669998,85011100
91,Amazon,2022/6/16,104.470001,104.580002,102.010002,103.660004,103.660004,82186300
92,Amazon,2022/6/17,102.800003,106.980003,102.510002,106.220001,106.220001,99772100
93,Amazon,2022/6/21,108.199997,111.629997,103.559998,108.68,108.68,70901200
94,Amazon,2022/6/22,107.43,112.129997,107.019997,108.949997,108.949997,60040100
95,Amazon,2022/6/23,110.389999,113,107.93,112.440002,112.440002,64345300
96,Amazon,2022/6/24,112.379997,116.709999,111.43,116.459999,116.459999,69867600
97,Amazon,2022/6/27,117.089996,117.980003,112.699997,113.220001,113.220001,62133200
98,Amazon,2022/6/28,113.5,114.849998,107.040001,107.400002,107.400002,74942900
99,Amazon,2022/6/29,107.379997,110.989998,106.910004,108.919998,108.919998,66375300
100,Amazon,2022/6/30,108.110001,108.18,102.519997,106.209999,106.209999,97679400
101,Amazon,2022/7/1,106.290001,109.75,105.849998,109.559998,109.559998,73021200
102,Amazon,2022/7/5,107.599998,114.080002,106.32,113.5,113.5,76583700
103,Amazon,2022/7/6,113.209999,115.480003,112.010002,114.330002,114.330002,66958900
104,Amazon,2022/7/7,113.849998,116.989998,113.489998,116.330002,116.330002,57872300
105,Amazon,2022/7/8,114.599998,116.580002,113.690002,115.540001,115.540001,45719700
106,Amazon,2022/7/11,114.080002,114.300003,110.870003,111.75,111.75,53487600
107,Amazon,2022/7/12,112.160004,113.230003,108.339996,109.220001,109.220001,54280300
108,Amazon,2022/7/13,107.029999,111.779999,106.010002,110.400002,110.400002,61353800
109,Amazon,2022/7/14,110.239998,111.18,107.580002,110.629997,110.629997,51163100
110,Amazon,2022/7/15,112.5,115.589996,111.589996,113.550003,113.550003,84317800
111,Amazon,2022/7/18,115,117.239998,113.150002,113.760002,113.760002,59115400
112,Amazon,2022/7/19,115.699997,118.949997,114.029999,118.209999,118.209999,60990000
113,Amazon,2022/7/20,118.620003,123.480003,118.32,122.769997,122.769997,71268300
114,Amazon,2022/7/21,123.199997,124.849998,121.260002,124.629997,124.629997,60239900
115,Amazon,2022/7/22,125.010002,125.5,121.349998,122.419998,122.419998,51463800
116,Amazon,2022/7/25,122.699997,123.639999,120.029999,121.139999,121.139999,50221300
117,Amazon,2022/7/26,115.790001,118.150002,114.529999,114.809998,114.809998,67075100
118,Amazon,2022/7/27,117.309998,121.900002,117.160004,120.970001,120.970001,61582000
119,Amazon,2022/7/28,121.57,122.839996,118.080002,122.279999,122.279999,82245500
120,Amazon,2022/7/29,134.899994,137.649994,132.410004,134.949997,134.949997,148892900
121,Amazon,2022/8/1,134.960007,138.830002,133.509995,135.389999,135.389999,76846900
122,Amazon,2022/8/2,134.720001,137.440002,134.089996,134.160004,134.160004,61922400
123,Amazon,2022/8/3,136.210007,140.490005,136.050003,139.520004,139.520004,71827800
124,Amazon,2022/8/4,140.580002,143.559998,139.550003,142.570007,142.570007,70585000
125,Amazon,2022/8/5,140.100006,142.860001,139.600006,140.800003,140.800003,50686900
126,Amazon,2022/8/8,142.050003,144.229996,138.289993,139.410004,139.410004,52229000
127,Amazon,2022/8/9,138.050003,138.949997,136.210007,137.830002,137.830002,40434700
128,Amazon,2022/8/10,142.899994,144.600006,141.009995,142.690002,142.690002,54773800
129,Amazon,2022/8/11,143.860001,144.490005,139.759995,140.639999,140.639999,44867300
130,Amazon,2022/8/12,142.050003,143.570007,140.119995,143.550003,143.550003,47643500
131,Amazon,2022/8/15,142.800003,143.759995,141.490005,143.179993,143.179993,39014600
132,Amazon,2022/8/16,143.910004,146.570007,142,144.779999,144.779999,59102900
133,Amazon,2022/8/17,142.690002,143.380005,140.779999,142.100006,142.100006,48149800
134,Amazon,2022/8/18,141.320007,142.770004,140.380005,142.300003,142.300003,37458700
135,Amazon,2022/8/19,140.470001,141.110001,137.910004,138.229996,138.229996,47792800
136,Amazon,2022/8/22,135.720001,136.320007,132.850006,133.220001,133.220001,50461500
137,Amazon,2022/8/23,133.410004,134.990005,132.949997,133.619995,133.619995,36252100
138,Amazon,2022/8/24,132.75,135.470001,132.100006,133.800003,133.800003,38627000
139,Amazon,2022/8/25,135.259995,137.419998,134.279999,137.279999,137.279999,37496300
140,Amazon,2022/8/26,136.550003,137.830002,130.5,130.75,130.75,53322700
141,Amazon,2022/8/29,129.899994,131.949997,128.770004,129.789993,129.789993,48101600
142,Amazon,2022/8/30,131.25,132.070007,126.849998,128.729996,128.729996,49203000
143,Amazon,2022/8/31,129.449997,130.589996,126.739998,126.769997,126.769997,53648700
144,Amazon,2022/9/1,126,128.020004,123.660004,127.82,127.82,56636100
145,Amazon,2022/9/2,129.5,131.380005,126.389999,127.510002,127.510002,57429800
146,Amazon,2022/9/6,127.919998,128.619995,124.739998,126.110001,126.110001,43888600
147,Amazon,2022/9/7,126.120003,129.820007,125.400002,129.479996,129.479996,47900300
148,Amazon,2022/9/8,127.720001,130.279999,127.099998,129.820007,129.820007,43988500
149,Amazon,2022/9/9,130.910004,133.690002,130.759995,133.270004,133.270004,49387600
150,Amazon,2022/9/12,134.100006,136.490005,134,136.449997,136.449997,53826900
151,Amazon,2022/9/13,131.009995,131.399994,126.269997,126.82,126.82,72694000
152,Amazon,2022/9/14,127.360001,128.839996,126.330002,128.550003,128.550003,45316800
153,Amazon,2022/9/15,127.379997,130.369995,125.5,126.279999,126.279999,52887200
154,Amazon,2022/9/16,122.779999,123.870003,120.699997,123.529999,123.529999,115667800
155,Amazon,2022/9/19,122.160004,124.709999,121.800003,124.660004,124.660004,47279700
156,Amazon,2022/9/20,123.349998,124.400002,121.139999,122.190002,122.190002,47698400
157,Amazon,2022/9/21,122.489998,123.760002,118.449997,118.540001,118.540001,58498900
158,Amazon,2022/9/22,117.080002,118.790001,116.260002,117.309998,117.309998,55229200
159,Amazon,2022/9/23,116,116.050003,112.059998,113.779999,113.779999,65126700
160,Amazon,2022/9/26,113.300003,117.339996,113.129997,115.150002,115.150002,62723300
161,Amazon,2022/9/27,117.199997,118.32,113.050003,114.410004,114.410004,60094700
162,Amazon,2022/9/28,114.379997,118.699997,113.800003,118.010002,118.010002,55763800
163,Amazon,2022/9/29,115.599998,116.07,113.059998,114.800003,114.800003,58969700
164,Amazon,2022/9/30,114.080002,116.919998,112.839996,113,113,59479600
165,Amazon,2022/10/3,113.580002,116.910004,112.449997,115.879997,115.879997,50941900
166,Amazon,2022/10/4,119.889999,123,119.790001,121.089996,121.089996,62812600
167,Amazon,2022/10/5,118.580002,121.75,117.690002,120.949997,120.949997,48217500
168,Amazon,2022/10/6,120.769997,121.529999,119.5,120.300003,120.300003,42253800
169,Amazon,2022/10/7,118,118.169998,113.879997,114.559998,114.559998,54678000
170,Amazon,2022/10/10,115.099998,116.25,112.43,113.669998,113.669998,42339700
171,Amazon,2022/10/11,112.709999,115.480003,110.389999,112.209999,112.209999,56432200
172,Amazon,2022/10/12,112.489998,113.830002,111.400002,112.900002,112.900002,45728700
173,Amazon,2022/10/13,107.879997,113.440002,105.349998,112.529999,112.529999,86868100
174,Amazon,2022/10/14,114.099998,114.959999,106.599998,106.900002,106.900002,67737300
175,Amazon,2022/10/17,110.110001,114.190002,110.089996,113.790001,113.790001,62782000
176,Amazon,2022/10/18,119.059998,119.519997,114.790001,116.360001,116.360001,65607400
177,Amazon,2022/10/19,114.709999,116.589996,113.220001,115.07,115.07,47198100
178,Amazon,2022/10/20,113.830002,118.239998,113.510002,115.25,115.25,48795100
179,Amazon,2022/10/21,114.790001,119.589996,114.5,119.32,119.32,55660500
180,Amazon,2022/10/24,119.980003,120.389999,116.57,119.82,119.82,49531500
181,Amazon,2022/10/25,119.650002,121.32,118.949997,120.599998,120.599998,50934600
182,Amazon,2022/10/26,116,119.349998,114.760002,115.660004,115.660004,68802300
183,Amazon,2022/10/27,113.919998,114.120003,109.769997,110.959999,110.959999,129605400
184,Amazon,2022/10/28,97.910004,103.959999,97.660004,103.410004,103.410004,223133400
185,Amazon,2022/10/31,103.559998,104.870003,100.739998,102.440002,102.440002,99251400
186,Amazon,2022/11/1,103.989998,104.580002,96.059998,96.790001,96.790001,153370000
187,Amazon,2022/11/2,97.32,97.739998,92.010002,92.120003,92.120003,135761800
188,Amazon,2022/11/3,92.470001,93.5,89.019997,89.300003,89.300003,136683300
189,Amazon,2022/11/4,91.489998,92.440002,88.040001,90.980003,90.980003,129101300
190,Amazon,2022/11/7,91.949997,92.099998,89.040001,90.529999,90.529999,77495700
191,Amazon,2022/11/8,90.790001,91.720001,88.230003,89.980003,89.980003,88703400
192,Amazon,2022/11/9,89.470001,89.480003,85.870003,86.139999,86.139999,90796200
193,Amazon,2022/11/10,92.940002,98.690002,91.650002,96.629997,96.629997,173414900
194,Amazon,2022/11/11,97.879997,101.190002,96.660004,100.790001,100.790001,111590500
195,Amazon,2022/11/14,98.769997,100.120003,97.290001,98.489998,98.489998,99533100
196,Amazon,2022/11/15,103.209999,103.790001,97.339996,98.940002,98.940002,111336300
197,Amazon,2022/11/16,96.849998,98.489998,95.540001,97.120003,97.120003,87958800
198,Amazon,2022/11/17,95.370003,96.970001,94.029999,94.849998,94.849998,82617900
199,Amazon,2022/11/18,95.949997,95.989998,92.480003,94.139999,94.139999,72428200
200,Amazon,2022/11/21,93.970001,95.019997,90.589996,92.459999,92.459999,84330300
201,Amazon,2022/11/22,92.620003,93.349998,90.870003,93.199997,93.199997,62192000
202,Amazon,2022/11/23,93.239998,94.580002,92.830002,94.129997,94.129997,59414700
203,Amazon,2022/11/25,93.790001,94.43,93.07,93.410004,93.410004,35088600
204,Amazon,2022/11/28,93.93,96.400002,93.43,93.949997,93.949997,74943100
205,Amazon,2022/11/29,94.040001,94.410004,91.440002,92.419998,92.419998,65567300
206,Amazon,2022/11/30,92.470001,96.540001,91.529999,96.540001,96.540001,102805800
207,Amazon,2022/12/1,96.989998,97.230003,94.919998,95.5,95.5,68488000
208,Amazon,2022/12/2,94.480003,95.360001,93.779999,94.129997,94.129997,72496400
209,Amazon,2022/12/5,93.050003,94.059998,90.82,91.010002,91.010002,71535500
210,Amazon,2022/12/6,90.5,91.040001,87.900002,88.25,88.25,75503600
211,Amazon,2022/12/7,88.339996,89.889999,87.480003,88.459999,88.459999,68086900
212,Amazon,2022/12/8,89.239998,90.860001,87.879997,90.349998,90.349998,73305900
213,Amazon,2022/12/9,88.900002,90.300003,88.629997,89.089996,89.089996,67398500
214,Amazon,2022/12/12,89.209999,90.580002,87.870003,90.550003,90.550003,61999800
215,Amazon,2022/12/13,95.230003,96.25,90.519997,92.489998,92.489998,100212000
216,Amazon,2022/12/14,92.5,93.459999,89.870003,91.580002,91.580002,70298000
217,Amazon,2022/12/15,89.889999,89.970001,87.470001,88.449997,88.449997,84802900
218,Amazon,2022/12/16,88.269997,89.349998,86.730003,87.860001,87.860001,146144100
219,Amazon,2022/12/19,87.510002,87.629997,84.510002,84.919998,84.919998,83531500
220,Amazon,2022/12/20,85.330002,86.610001,84.330002,85.190002,85.190002,74348300
221,Amazon,2022/12/21,86.18,87.230003,85.209999,86.769997,86.769997,59267200
222,Amazon,2022/12/22,85.519997,85.68,82.25,83.790001,83.790001,81431300
223,Amazon,2022/12/23,83.25,85.779999,82.93,85.25,85.25,57433700
224,Amazon,2022/12/27,84.970001,85.349998,83,83.040001,83.040001,57284000
225,Amazon,2022/12/28,82.800003,83.480003,81.690002,81.82,81.82,58228600
226,Amazon,2022/12/29,82.870003,84.550003,82.550003,84.18,84.18,54995900
227,Amazon,2022/12/30,83.120003,84.050003,82.470001,84,84,62330000
228,Amazon,2023/1/3,85.459999,86.959999,84.209999,85.82,85.82,76706000
229,Amazon,2023/1/4,86.550003,86.980003,83.360001,85.139999,85.139999,68885100
230,Amazon,2023/1/5,85.330002,85.419998,83.07,83.120003,83.120003,67930800
231,Amazon,2023/1/6,83.029999,86.400002,81.43,86.080002,86.080002,83219100
232,Amazon,2023/1/9,87.459999,89.480003,87.080002,87.360001,87.360001,65266100
233,Amazon,2023/1/10,87.57,90.190002,87.290001,89.870003,89.870003,67756600
234,Amazon,2023/1/11,90.93,95.260002,90.93,95.089996,95.089996,103126200
235,Amazon,2023/1/12,96.93,97.190002,93.5,95.269997,95.269997,85254800
236,Amazon,2023/1/13,94.18,98.370003,94.120003,98.120003,98.120003,85413600
237,Amazon,2023/1/17,98.68,98.889999,95.730003,96.050003,96.050003,72755000
238,Amazon,2023/1/18,97.25,99.32,95.379997,95.459999,95.459999,79570400
239,Amazon,2023/1/19,94.739998,95.440002,92.860001,93.68,93.68,69002700
240,Amazon,2023/1/20,93.860001,97.349998,93.199997,97.25,97.25,67307100
241,Amazon,2023/1/23,97.559998,97.779999,95.860001,97.519997,97.519997,76501100
242,Amazon,2023/1/24,96.93,98.089996,96,96.32,96.32,66929500
243,Amazon,2023/1/25,92.559998,97.239998,91.519997,97.18,97.18,94261600
244,Amazon,2023/1/26,98.239998,99.489998,96.919998,99.220001,99.220001,68523600
245,Amazon,2023/1/27,99.529999,103.489998,99.529999,102.239998,102.239998,87678100
246,Amazon,2023/1/30,101.089996,101.739998,99.010002,100.550003,100.550003,70691900
247,Amazon,2023/1/31,101.160004,103.349998,101.139999,103.129997,103.129997,66527300
248,Amazon,2023/2/1,102.529999,106.239998,101.239998,105.150002,105.150002,80450100
249,Amazon,2023/2/2,110.25,114,108.879997,112.910004,112.910004,158154200
250,Amazon,2023/2/3,105.260002,108.779999,102.519997,103.389999,103.389999,144173400
251,Amazon,2023/2/6,102.93,103.949997,100.650002,102.18,102.18,81945200
252,Amazon,2023/2/7,101.169998,102.410004,98.080002,102.110001,102.110001,119501300
253,Nintendo,2022/2/8,12.602,12.604,12.448,12.532,12.532,1297000
254,Nintendo,2022/2/9,12.538,12.664,12.444,12.65,12.65,1201000
255,Nintendo,2022/2/10,12.34,12.45,12.266,12.31,12.31,2592500
256,Nintendo,2022/2/11,12.35,12.5,12.3,12.398,12.398,2506000
257,Nintendo,2022/2/14,12.546,12.546,12.372,12.474,12.474,1102500
258,Nintendo,2022/2/15,12.448,12.87,12.448,12.828,12.828,2971500
259,Nintendo,2022/2/16,12.802,12.802,12.634,12.71,12.71,1481500
260,Nintendo,2022/2/17,12.72,12.754,12.612,12.65,12.65,830500
261,Nintendo,2022/2/18,12.71,12.896,12.71,12.776,12.776,1261500
262,Nintendo,2022/2/22,12.718,12.718,12.54,12.62,12.62,1422000
263,Nintendo,2022/2/23,12.7,12.7,12.454,12.524,12.524,1111500
264,Nintendo,2022/2/24,12.184,12.474,12.17,12.47,12.47,1925500
265,Nintendo,2022/2/25,12.372,12.438,12.322,12.438,12.438,1568500
266,Nintendo,2022/2/28,12.58,12.718,12.578,12.714,12.714,2182500
267,Nintendo,2022/3/1,12.594,12.634,12.538,12.552,12.552,1903000
268,Nintendo,2022/3/2,12.614,12.666,12.596,12.662,12.662,1267000
269,Nintendo,2022/3/3,12.744,12.988,12.7,12.718,12.718,1131000
270,Nintendo,2022/3/4,12.7,12.916,12.608,12.67,12.67,2577000
271,Nintendo,2022/3/7,12.42,12.558,12.248,12.316,12.316,1511000
272,Nintendo,2022/3/8,12.068,12.338,11.988,12.144,12.144,1649000
273,Nintendo,2022/3/9,12.75,12.75,12.468,12.62,12.62,1913000
274,Nintendo,2022/3/10,12.43,12.65,12.43,12.504,12.504,647500
275,Nintendo,2022/3/11,12.538,12.65,12.466,12.496,12.496,499000
276,Nintendo,2022/3/14,12.278,12.42,12.24,12.254,12.254,1090000
277,Nintendo,2022/3/15,12.24,12.278,12.162,12.24,12.24,1885500
278,Nintendo,2022/3/16,12.68,12.9,12.624,12.756,12.756,1538000
279,Nintendo,2022/3/17,12.962,12.962,12.68,12.858,12.858,800500
280,Nintendo,2022/3/18,12.812,12.916,12.756,12.912,12.912,1569000
281,Nintendo,2022/3/21,12.7,12.918,12.7,12.856,12.856,1331000
282,Nintendo,2022/3/22,12.82,12.924,12.82,12.92,12.92,645500
283,Nintendo,2022/3/23,13,13.19,13,13.144,13.144,1453500
284,Nintendo,2022/3/24,13.242,13.272,13.212,13.244,13.244,879500
285,Nintendo,2022/3/25,13.428,13.6,13.38,13.422,13.422,1957500
286,Nintendo,2022/3/28,13.204,13.442,13.204,13.432,13.432,2193500
287,Nintendo,2022/3/29,13.54,13.65,13.304,13.52,13.52,6820500
288,Nintendo,2022/3/30,12.806,12.986,12.8,12.838,12.838,5020000
289,Nintendo,2022/3/31,12.78,12.78,12.44,12.582,12.582,737500
290,Nintendo,2022/4/1,12.88,12.998,12.88,12.968,12.968,1420000
291,Nintendo,2022/4/4,13,13.136,12.968,13.07,13.07,1013000
292,Nintendo,2022/4/5,12.98,12.98,12.66,12.668,12.668,1481000
293,Nintendo,2022/4/6,12.7,12.798,12.7,12.774,12.774,1187500
294,Nintendo,2022/4/7,12.78,12.908,12.76,12.776,12.776,1285000
295,Nintendo,2022/4/8,12.848,12.864,12.654,12.844,12.844,1178500
296,Nintendo,2022/4/11,12.738,12.758,12.672,12.672,12.672,1044000
297,Nintendo,2022/4/12,12.766,12.844,12.708,12.738,12.738,1330000
298,Nintendo,2022/4/13,12.82,12.91,12.784,12.9,12.9,1173500
299,Nintendo,2022/4/14,12.94,12.97,12.672,12.684,12.684,1844500
300,Nintendo,2022/4/18,12.64,12.64,12.528,12.546,12.546,1377500
301,Nintendo,2022/4/19,12.56,12.692,12.51,12.654,12.654,1215000
302,Nintendo,2022/4/20,12.732,12.732,12.446,12.49,12.49,2325500
303,Nintendo,2022/4/21,12.5,12.646,12.304,12.342,12.342,1668500
304,Nintendo,2022/4/22,12.322,12.37,12.25,12.262,12.262,1478000
305,Nintendo,2022/4/25,11.924,12.374,11.924,12.374,12.374,1125000
306,Nintendo,2022/4/26,12.2,12.2,11.84,11.852,11.852,1047000
307,Nintendo,2022/4/27,11.97,11.986,11.822,11.896,11.896,969000
308,Nintendo,2022/4/28,11.8,11.8,11.342,11.5,11.5,2369000
309,Nintendo,2022/4/29,11.498,11.604,11.388,11.396,11.396,1161500
310,Nintendo,2022/5/2,11.114,11.36,11.06,11.136,11.136,2965500
311,Nintendo,2022/5/3,11.004,11.254,11.004,11.19,11.19,1510000
312,Nintendo,2022/5/4,11.4,11.416,11.146,11.408,11.408,1295000
313,Nintendo,2022/5/5,11.42,11.42,10.986,11.08,11.08,4298000
314,Nintendo,2022/5/6,10.95,11.088,10.88,10.998,10.998,2323500
315,Nintendo,2022/5/9,10.576,10.8,10.576,10.632,10.632,2535000
316,Nintendo,2022/5/10,11.082,11.35,10.488,10.84,10.84,5844500
317,Nintendo,2022/5/11,11.066,11.26,10.98,10.98,10.98,3613000
318,Nintendo,2022/5/12,10.902,11.224,10.902,11.12,11.12,1671500
319,Nintendo,2022/5/13,11.056,11.134,11.056,11.114,11.114,1243500
320,Nintendo,2022/5/16,10.78,11.006,10.78,10.914,10.914,1340000
321,Nintendo,2022/5/17,11,11.222,11,11.112,11.112,1844500
322,Nintendo,2022/5/18,11.502,11.594,11.326,11.384,11.384,2150000
323,Nintendo,2022/5/19,11.396,11.63,11.396,11.52,11.52,2281500
324,Nintendo,2022/5/20,11.648,11.648,11.42,11.526,11.526,1709500
325,Nintendo,2022/5/23,11.578,11.774,11.578,11.674,11.674,1604000
326,Nintendo,2022/5/24,11.674,11.774,11.608,11.68,11.68,3346000
327,Nintendo,2022/5/25,11.106,11.31,11.106,11.292,11.292,1160500
328,Nintendo,2022/5/26,11.24,11.4,11.24,11.36,11.36,832500
329,Nintendo,2022/5/27,11.13,11.242,11.13,11.218,11.218,901000
330,Nintendo,2022/5/31,11.272,11.272,11.1,11.12,11.12,1201000
331,Nintendo,2022/6/1,11.216,11.328,11.142,11.142,11.142,1940500
332,Nintendo,2022/6/2,11.012,11.124,11.012,11.112,11.112,2180000
333,Nintendo,2022/6/3,10.84,11.032,10.84,10.884,10.884,1653000
334,Nintendo,2022/6/6,11,11.18,10.958,11.044,11.044,1456500
335,Nintendo,2022/6/7,10.868,11.084,10.868,11.024,11.024,1702500
336,Nintendo,2022/6/8,10.846,11.062,10.846,10.928,10.928,910500
337,Nintendo,2022/6/9,11.178,11.184,11.018,11.05,11.05,1226500
338,Nintendo,2022/6/10,11,11.01,10.8,10.822,10.822,1591000
339,Nintendo,2022/6/13,10.76,10.76,10.59,10.59,10.59,1651500
340,Nintendo,2022/6/14,10.65,10.8,10.494,10.582,10.582,2952000
341,Nintendo,2022/6/15,10.4,10.6,10.4,10.55,10.55,1305000
342,Nintendo,2022/6/16,10.394,10.516,10.388,10.456,10.456,1297000
343,Nintendo,2022/6/17,10.498,10.498,10.382,10.43,10.43,1195500
344,Nintendo,2022/6/21,10.798,10.798,10.444,10.604,10.604,1107000
345,Nintendo,2022/6/22,10.474,10.674,10.474,10.56,10.56,1089000
346,Nintendo,2022/6/23,10.45,10.66,10.438,10.644,10.644,1358000
347,Nintendo,2022/6/24,10.896,10.896,10.672,10.83,10.83,1094500
348,Nintendo,2022/6/27,10.814,10.814,10.74,10.774,10.774,1393500
349,Nintendo,2022/6/28,10.852,10.936,10.804,10.83,10.83,975500
350,Nintendo,2022/6/29,10.96,10.96,10.64,10.798,10.798,701500
351,Nintendo,2022/6/30,10.56,10.812,10.56,10.764,10.764,1001500
352,Nintendo,2022/7/1,10.69,10.69,10.442,10.642,10.642,1376000
353,Nintendo,2022/7/5,10.68,10.896,10.668,10.812,10.812,893000
354,Nintendo,2022/7/6,11.04,11.04,10.784,10.808,10.808,1171000
355,Nintendo,2022/7/7,10.694,10.818,10.694,10.814,10.814,1843500
356,Nintendo,2022/7/8,10.43,10.796,10.43,10.7,10.7,663500
357,Nintendo,2022/7/11,10.724,10.758,10.708,10.712,10.712,1150000
358,Nintendo,2022/7/12,10.7,10.948,10.7,10.882,10.882,479000
359,Nintendo,2022/7/13,10.7,10.94,10.7,10.94,10.94,832500
360,Nintendo,2022/7/14,10.92,10.92,10.722,10.856,10.856,509000
361,Nintendo,2022/7/15,10.906,11.248,10.906,11.238,11.238,2085000
362,Nintendo,2022/7/18,11.2,11.342,11.182,11.27,11.27,1775500
363,Nintendo,2022/7/19,11.198,11.198,10.986,11.056,11.056,775500
364,Nintendo,2022/7/20,11.1,11.346,11.1,11.212,11.212,1006000
365,Nintendo,2022/7/21,11.24,11.24,11.12,11.2,11.2,805000
366,Nintendo,2022/7/22,11.25,11.334,11.21,11.232,11.232,719500
367,Nintendo,2022/7/25,11.24,11.24,11.084,11.136,11.136,1216500
368,Nintendo,2022/7/26,11.096,11.096,10.89,10.89,10.89,1685500
369,Nintendo,2022/7/27,10.8,11.15,10.8,11.056,11.056,478000
370,Nintendo,2022/7/28,11.2,11.2,11.07,11.162,11.162,548000
371,Nintendo,2022/7/29,11.054,11.26,11.054,11.2,11.2,888500
372,Nintendo,2022/8/1,11.002,11.182,11,11.17,11.17,611000
373,Nintendo,2022/8/2,11.2,11.2,10.888,10.906,10.906,858500
374,Nintendo,2022/8/3,10.538,10.538,10.2,10.45,10.45,4409000
375,Nintendo,2022/8/4,10.598,10.724,10.516,10.724,10.724,974000
376,Nintendo,2022/8/5,11.1,11.1,10.764,10.812,10.812,1468000
377,Nintendo,2022/8/8,10.7,10.74,10.562,10.648,10.648,797000
378,Nintendo,2022/8/9,10.444,10.638,10.444,10.52,10.52,799000
379,Nintendo,2022/8/10,10.466,10.828,10.466,10.77,10.77,892500
380,Nintendo,2022/8/11,10.708,10.858,10.708,10.788,10.788,829000
381,Nintendo,2022/8/12,10.56,10.86,10.56,10.788,10.788,972000
382,Nintendo,2022/8/15,10.996,10.996,10.748,10.836,10.836,1330000
383,Nintendo,2022/8/16,10.956,10.956,10.822,10.876,10.876,726000
384,Nintendo,2022/8/17,11.072,11.144,10.974,11.008,11.008,1939000
385,Nintendo,2022/8/18,11.164,11.25,11.156,11.222,11.222,1823000
386,Nintendo,2022/8/19,11.154,11.154,10.854,10.93,10.93,1120500
387,Nintendo,2022/8/22,10.92,10.954,10.85,10.856,10.856,1069000
388,Nintendo,2022/8/23,10.976,10.98,10.644,10.862,10.862,1010000
389,Nintendo,2022/8/24,10.75,10.76,10.55,10.588,10.588,728000
390,Nintendo,2022/8/25,10.724,10.724,10.564,10.648,10.648,922000
391,Nintendo,2022/8/26,10.402,10.652,10.402,10.44,10.44,2527500
392,Nintendo,2022/8/29,10.4,10.424,10.346,10.35,10.35,1350500
393,Nintendo,2022/8/30,10.398,10.398,10.252,10.286,10.286,1007000
394,Nintendo,2022/8/31,10.376,10.4,10.202,10.22,10.22,608000
395,Nintendo,2022/9/1,10.2,10.224,10.14,10.17,10.17,872500
396,Nintendo,2022/9/2,10.17,10.2,10.054,10.06,10.06,900000
397,Nintendo,2022/9/6,10.068,10.2,10.006,10.03,10.03,3780000
398,Nintendo,2022/9/7,10.04,10.06,9.952,10.04,10.04,3389500
399,Nintendo,2022/9/8,10.352,10.352,10.046,10.12,10.12,1308500
400,Nintendo,2022/9/9,10.396,10.396,10.168,10.22,10.22,1663000
401,Nintendo,2022/9/12,10.36,10.46,10.312,10.36,10.36,2204000
402,Nintendo,2022/9/13,10.82,10.898,10.61,10.612,10.612,2792000
403,Nintendo,2022/9/14,10.664,10.808,10.664,10.808,10.808,1847000
404,Nintendo,2022/9/15,10.704,10.898,10.704,10.838,10.838,1219500
405,Nintendo,2022/9/16,10.5,10.69,10.5,10.666,10.666,769000
406,Nintendo,2022/9/19,10.508,10.692,10.508,10.69,10.69,989000
407,Nintendo,2022/9/20,10.89,10.89,10.622,10.67,10.67,2031000
408,Nintendo,2022/9/21,10.472,10.676,10.472,10.57,10.57,966000
409,Nintendo,2022/9/22,10.8,10.906,10.702,10.74,10.74,1455000
410,Nintendo,2022/9/23,10.576,10.66,10.446,10.52,10.52,2296000
411,Nintendo,2022/9/26,10.348,10.438,10.274,10.304,10.304,1081500
412,Nintendo,2022/9/27,10.32,10.506,10.32,10.394,10.394,2430500
413,Nintendo,2022/9/28,10.4,10.45,10.31,10.428,10.428,1207000
414,Nintendo,2022/9/29,10.3,10.6,10,10.298,10.298,2229500
415,Nintendo,2022/9/30,10,10.236,9.952,10.194,10.194,2238500
416,Nintendo,2022/10/3,9.87,10.104,9.84,10.02,10.02,2915500
417,Nintendo,2022/10/4,10.43,10.9,10.32,10.74,10.74,1336500
418,Nintendo,2022/10/5,10.39,10.62,10.21,10.39,10.39,1939400
419,Nintendo,2022/10/6,10.5,10.59,10.1,10.34,10.34,564000
420,Nintendo,2022/10/7,10.37,10.62,10.16,10.27,10.27,783000
421,Nintendo,2022/10/10,10.27,10.31,10.17,10.2,10.2,548500
422,Nintendo,2022/10/11,10.15,10.5,10.11,10.14,10.14,1754000
423,Nintendo,2022/10/12,10.06,10.22,10.01,10.17,10.17,915300
424,Nintendo,2022/10/13,10,10.34,10,10.31,10.31,1520300
425,Nintendo,2022/10/14,10.38,10.4,10.14,10.24,10.24,1334900
426,Nintendo,2022/10/17,10.25,10.4,10.22,10.25,10.25,1150700
427,Nintendo,2022/10/18,10.25,10.3,10.1,10.2,10.2,1233800
428,Nintendo,2022/10/19,10.12,10.24,9.96,9.99,9.99,601800
429,Nintendo,2022/10/20,10.01,10.4,10.01,10.05,10.05,587900
430,Nintendo,2022/10/21,10.05,10.27,9.79,10.18,10.18,570000
431,Nintendo,2022/10/24,10.2,10.25,9.99,10.01,10.01,880300
432,Nintendo,2022/10/25,9.77,10.14,9.77,10.1,10.1,1240600
433,Nintendo,2022/10/26,10.1,10.35,10.1,10.29,10.29,610900
434,Nintendo,2022/10/27,10.15,10.25,10.05,10.07,10.07,689900
435,Nintendo,2022/10/28,9.91,10.15,9.9,10.07,10.07,984500
436,Nintendo,2022/10/31,10.1,10.39,10.1,10.12,10.12,891600
437,Nintendo,2022/11/1,10.21,10.34,10.12,10.15,10.15,1056200
438,Nintendo,2022/11/2,10.11,10.5,10.01,10.17,10.17,638600
439,Nintendo,2022/11/3,10.11,10.35,9.86,10.1,10.1,840600
440,Nintendo,2022/11/4,10.11,10.24,10.05,10.18,10.18,838000
441,Nintendo,2022/11/7,10.46,10.48,10.39,10.44,10.44,1083900
442,Nintendo,2022/11/8,10.3,10.3,9.89,9.99,9.99,2754500
443,Nintendo,2022/11/9,10,10,9.76,9.81,9.81,1258900
444,Nintendo,2022/11/10,9.99,10.28,9.99,10.26,10.26,3054600
445,Nintendo,2022/11/11,10.08,10.33,10.08,10.32,10.32,949000
446,Nintendo,2022/11/14,10,10.24,10,10.14,10.14,3173900
447,Nintendo,2022/11/15,10.34,10.45,10.27,10.27,10.27,803000
448,Nintendo,2022/11/16,10.33,10.4,10.27,10.33,10.33,400600
449,Nintendo,2022/11/17,10.4,10.44,10.27,10.43,10.43,1008900
450,Nintendo,2022/11/18,10.57,10.6,10.47,10.51,10.51,821700
451,Nintendo,2022/11/21,10.3,10.52,10.2,10.37,10.37,941000
452,Nintendo,2022/11/22,10.37,10.5,10.37,10.5,10.5,703900
453,Nintendo,2022/11/23,10.4,10.66,10.4,10.63,10.63,869700
454,Nintendo,2022/11/25,10.56,10.68,10.54,10.63,10.63,352800
455,Nintendo,2022/11/28,10.69,10.69,10.51,10.54,10.54,866000
456,Nintendo,2022/11/29,10.5,10.61,10.5,10.59,10.59,830500
457,Nintendo,2022/11/30,10.63,10.85,10.4,10.73,10.73,663700
458,Nintendo,2022/12/1,10.56,10.7,10.56,10.58,10.58,795200
459,Nintendo,2022/12/2,10.55,10.62,10.5,10.56,10.56,788600
460,Nintendo,2022/12/5,10.42,10.55,10.31,10.34,10.34,1147200
461,Nintendo,2022/12/6,10.41,10.52,10.39,10.43,10.43,868800
462,Nintendo,2022/12/7,10.37,10.52,10.35,10.51,10.51,913900
463,Nintendo,2022/12/8,10.44,10.53,10.38,10.44,10.44,966600
464,Nintendo,2022/12/9,10.45,10.46,10.35,10.39,10.39,668200
465,Nintendo,2022/12/12,10.38,10.44,10.29,10.34,10.34,1248900
466,Nintendo,2022/12/13,10.58,10.64,10.39,10.39,10.39,789800
467,Nintendo,2022/12/14,10.56,10.59,10.42,10.49,10.49,1142100
468,Nintendo,2022/12/15,10.46,10.46,10.18,10.24,10.24,962900
469,Nintendo,2022/12/16,10.13,10.19,10,10.14,10.14,2901100
470,Nintendo,2022/12/19,10.27,10.27,10.13,10.15,10.15,1411700
471,Nintendo,2022/12/20,10.32,10.46,10.31,10.42,10.42,1084400
472,Nintendo,2022/12/21,10.54,10.57,10.34,10.44,10.44,677700
473,Nintendo,2022/12/22,10.68,10.68,10.42,10.49,10.49,982900
474,Nintendo,2022/12/23,10.5,10.55,10.45,10.52,10.52,801500
475,Nintendo,2022/12/27,10.52,10.6,10.4,10.41,10.41,850900
476,Nintendo,2022/12/28,10.48,10.58,10.37,10.37,10.37,935600
477,Nintendo,2022/12/29,10.5,10.56,10.5,10.53,10.53,684300
478,Nintendo,2022/12/30,10.4,10.45,10.3,10.42,10.42,862900
479,Nintendo,2023/1/3,10.42,10.75,10.3,10.5,10.5,1061200
480,Nintendo,2023/1/4,10.65,10.65,10.34,10.37,10.37,519600
481,Nintendo,2023/1/5,10.4,10.4,10.26,10.3,10.3,885900
482,Nintendo,2023/1/6,10.21,10.46,10.2,10.42,10.42,1571900
483,Nintendo,2023/1/9,10.5,10.68,10.44,10.46,10.46,1464300
484,Nintendo,2023/1/10,10.41,10.41,10.27,10.35,10.35,849800
485,Nintendo,2023/1/11,10.26,10.5,10.2,10.24,10.24,1072100
486,Nintendo,2023/1/12,10.46,10.46,10.25,10.39,10.39,1315700
487,Nintendo,2023/1/13,10.36,10.49,10.33,10.45,10.45,1097600
488,Nintendo,2023/1/17,10.63,10.78,10.61,10.76,10.76,2213100
489,Nintendo,2023/1/18,10.8,10.92,10.75,10.76,10.76,609800
490,Nintendo,2023/1/19,10.75,10.79,10.63,10.74,10.74,859900
491,Nintendo,2023/1/20,10.66,10.75,10.56,10.74,10.74,900700
492,Nintendo,2023/1/23,10.63,10.7,10.57,10.66,10.66,1130200
493,Nintendo,2023/1/24,10.55,10.67,10.55,10.63,10.63,660400
494,Nintendo,2023/1/25,10.66,10.74,10.6,10.7,10.7,1061300
495,Nintendo,2023/1/26,10.81,10.85,10.75,10.83,10.83,676800
496,Nintendo,2023/1/27,10.85,10.87,10.8,10.85,10.85,636400
497,Nintendo,2023/1/30,10.8,10.82,10.65,10.73,10.73,992200
498,Nintendo,2023/1/31,10.8,10.86,10.74,10.77,10.77,629900
499,Nintendo,2023/2/1,10.69,10.83,10.66,10.82,10.82,416400
500,Nintendo,2023/2/2,10.88,10.91,10.7,10.79,10.79,944100
501,Nintendo,2023/2/3,10.73,10.83,10.68,10.75,10.75,713600
502,Nintendo,2023/2/6,10.73,10.73,10.55,10.58,10.58,790200
503,Nintendo,2023/2/7,10.13,10.21,10.03,10.18,10.18,2821000
